INSERT INTO ESPACIOFISICO 
(ID, CAPACIDAD, DESCRIPCION, DIRECCION, ESTADO, LATITUD, LONGITUD, NOMBRE, PROPIETARIO) 
VALUES ('74800b33-c205-4c4b-b67c-4ad02febdfa7', 102, 'Espacio flexible para múltiples tipos de eventos.', 'Calle del Bosque 441, Campo Norte', 'ACTIVO', -34.571822, -58.377856, 'Auditorio San Martín', 'gestor');

INSERT INTO ESPACIOFISICO 
(ID, CAPACIDAD, DESCRIPCION, DIRECCION, ESTADO, LATITUD, LONGITUD, NOMBRE, PROPIETARIO) 
VALUES ('c3127765-0306-40a6-888a-3ffb8126be0c', 104, 'Con mobiliario adaptable a diferentes configuraciones.', 'Avenida de la Paz 574, Bahía Azul', 'ACTIVO', -34.53159, -58.308987, 'Sala de Innovación', 'gestor');

INSERT INTO ESPACIOFISICO 
(ID, CAPACIDAD, DESCRIPCION, DIRECCION, ESTADO, LATITUD, LONGITUD, NOMBRE, PROPIETARIO) 
VALUES ('890679de-6040-4254-a3d0-552066183d0d', 109, 'Ambiente moderno y dinámico para eventos creativos.', 'Avenida Siempre Viva 131, Ciudad Central', 'CERRADO_TEMPORALMENTE', -34.615503, -58.35689, 'Centro de Convenciones Norte', 'gestor');

INSERT INTO ESPACIOFISICO 
(ID, CAPACIDAD, DESCRIPCION, DIRECCION, ESTADO, LATITUD, LONGITUD, NOMBRE, PROPIETARIO) 
VALUES ('45487047-f7dc-455a-8402-82142c7229a9', 142, 'Ambiente moderno y dinámico para eventos creativos.', 'Ruta 66 589, Ciudad Jardín', 'CERRADO_TEMPORALMENTE', -34.605485, -58.33084, 'Sala Creativa Alfa', 'gestor');

INSERT INTO ESPACIOFISICO 
(ID, CAPACIDAD, DESCRIPCION, DIRECCION, ESTADO, LATITUD, LONGITUD, NOMBRE, PROPIETARIO) 
VALUES ('0f4d73d4-008f-4818-afe9-2861f39559f5', 26, 'Ubicado en el corazón de la ciudad, con fácil acceso.', 'Calle del Bosque 831, Puerto Claro', 'CERRADO_TEMPORALMENTE', -34.688632, -58.322191, 'Aula Magna Sur', 'gestor');

INSERT INTO ESPACIOFISICO 
(ID, CAPACIDAD, DESCRIPCION, DIRECCION, ESTADO, LATITUD, LONGITUD, NOMBRE, PROPIETARIO) 
VALUES ('8cc13d7b-947e-4123-9d0d-e7b83cf73cd6', 33, 'Sala equipada para videoconferencias internacionales.', 'Calle Aurora 934, Villa Ilustrada', 'ACTIVO', -34.5417, -58.307662, 'Espacio Colaborativo Delta', 'gestor');

INSERT INTO ESPACIOFISICO 
(ID, CAPACIDAD, DESCRIPCION, DIRECCION, ESTADO, LATITUD, LONGITUD, NOMBRE, PROPIETARIO) 
VALUES ('047eadbf-2952-4959-bec0-0ccbd021e03b', 86, 'Ambiente moderno y dinámico para eventos creativos.', 'Vía Láctea 385, Ciudad Jardín', 'ACTIVO', -34.638012, -58.391204, 'Sala Ejecutiva 101', 'gestor');

INSERT INTO ESPACIOFISICO 
(ID, CAPACIDAD, DESCRIPCION, DIRECCION, ESTADO, LATITUD, LONGITUD, NOMBRE, PROPIETARIO) 
VALUES ('ce58498f-3382-423f-96be-442cf6fa6960', 97, 'Diseñado para seminarios y clases magistrales.', 'Paseo Verde 800, Campo Norte', 'ACTIVO', -34.601804, -58.311454, 'Auditorio Tecnológico', 'gestor');

INSERT INTO ESPACIOFISICO 
(ID, CAPACIDAD, DESCRIPCION, DIRECCION, ESTADO, LATITUD, LONGITUD, NOMBRE, PROPIETARIO) 
VALUES ('7a28f17b-a89a-4e03-b93f-5d77a55db8b4', 69, 'Ubicado en el corazón de la ciudad, con fácil acceso.', 'Calle Luna 338, Vista Alegre', 'CERRADO_TEMPORALMENTE', -34.513893, -58.44697, 'Centro Cultural Este', 'gestor');

INSERT INTO ESPACIOFISICO 
(ID, CAPACIDAD, DESCRIPCION, DIRECCION, ESTADO, LATITUD, LONGITUD, NOMBRE, PROPIETARIO) 
VALUES ('89bfd733-7634-4a75-8cfb-2179037d2fb1', 56, 'Con capacidad amplia para presentaciones formales.', 'Calle del Río 947, Campo Norte', 'CERRADO_TEMPORALMENTE', -34.678208, -58.476612, 'Foro Empresarial', 'gestor');

INSERT INTO ESPACIOFISICO 
(ID, CAPACIDAD, DESCRIPCION, DIRECCION, ESTADO, LATITUD, LONGITUD, NOMBRE, PROPIETARIO) 
VALUES ('d2bc1142-a2d9-409a-b52f-2418bd9ef517', 30, 'Ambiente profesional para encuentros de negocios.', 'Calle Aurora 246, Monte Claro', 'CERRADO_TEMPORALMENTE', -34.667789, -58.377418, 'Sala de Proyectos', 'gestor');

INSERT INTO ESPACIOFISICO 
(ID, CAPACIDAD, DESCRIPCION, DIRECCION, ESTADO, LATITUD, LONGITUD, NOMBRE, PROPIETARIO) 
VALUES ('99a08973-66a2-412d-beb9-37b588814bb4', 24, 'Con acceso a internet de alta velocidad y proyectores.', 'Calle Falsa 675, Río Grande', 'ACTIVO', -34.618742, -58.380143, 'Terraza Corporativa', 'gestor');

INSERT INTO ESPACIOFISICO 
(ID, CAPACIDAD, DESCRIPCION, DIRECCION, ESTADO, LATITUD, LONGITUD, NOMBRE, PROPIETARIO) 
VALUES ('cb84da07-2c36-431d-b514-b4d08440906e', 45, 'Un espacio ideal para conferencias y reuniones.', 'Calle del Río 702, Ciudad Central', 'CERRADO_TEMPORALMENTE', -34.515408, -58.440727, 'Pabellón Universitario', 'gestor');

INSERT INTO ESPACIOFISICO 
(ID, CAPACIDAD, DESCRIPCION, DIRECCION, ESTADO, LATITUD, LONGITUD, NOMBRE, PROPIETARIO) 
VALUES ('71a272aa-f535-42af-8ee4-636b89571c76', 90, 'Ubicado en el corazón de la ciudad, con fácil acceso.', 'Camino del Norte 613, Campo Norte', 'CERRADO_TEMPORALMENTE', -34.575213, -58.383742, 'Espacio Natural', 'gestor');

INSERT INTO ESPACIOFISICO 
(ID, CAPACIDAD, DESCRIPCION, DIRECCION, ESTADO, LATITUD, LONGITUD, NOMBRE, PROPIETARIO) 
VALUES ('aed13836-32ed-4624-b148-fe03cfb6a4d1', 52, 'Con capacidad amplia para presentaciones formales.', 'Calle del Río 345, Villa Ilustrada', 'ACTIVO', -34.623898, -58.381997, 'Centro de Formación Continua', 'gestor');

INSERT INTO ESPACIOFISICO 
(ID, CAPACIDAD, DESCRIPCION, DIRECCION, ESTADO, LATITUD, LONGITUD, NOMBRE, PROPIETARIO) 
VALUES ('cb56596a-32bc-4498-b760-a09479c831c2', 21, 'Con mobiliario adaptable a diferentes configuraciones.', 'Boulevard Central 594, Pueblo Nuevo', 'CERRADO_TEMPORALMENTE', -34.654817, -58.537444, 'Auditorio Central', 'gestor');

INSERT INTO ESPACIOFISICO 
(ID, CAPACIDAD, DESCRIPCION, DIRECCION, ESTADO, LATITUD, LONGITUD, NOMBRE, PROPIETARIO) 
VALUES ('afa4d1cb-c934-42ba-a974-e608ebd1d4d8', 44, 'Con acceso a internet de alta velocidad y proyectores.', 'Calle Aurora 709, Pueblo Nuevo', 'CERRADO_TEMPORALMENTE', -34.626611, -58.551869, 'Sala de Conferencias Global', 'gestor');

INSERT INTO ESPACIOFISICO 
(ID, CAPACIDAD, DESCRIPCION, DIRECCION, ESTADO, LATITUD, LONGITUD, NOMBRE, PROPIETARIO) 
VALUES ('dd854268-a0b2-48dd-bcc0-797eb5892f6c', 51, 'Ambiente profesional para encuentros de negocios.', 'Calle Aurora 972, Pueblo Nuevo', 'ACTIVO', -34.544941, -58.449319, 'Aula Taller Norte', 'gestor');

INSERT INTO ESPACIOFISICO 
(ID, CAPACIDAD, DESCRIPCION, DIRECCION, ESTADO, LATITUD, LONGITUD, NOMBRE, PROPIETARIO) 
VALUES ('6fe1a042-37f6-4eee-a6af-476ce285e4a5', 72, 'Un espacio ideal para conferencias y reuniones.', 'Calle del Río 678, Villa Ilustrada', 'ACTIVO', -34.650618, -58.426107, 'Foro Abierto Digital', 'gestor');

INSERT INTO ESPACIOFISICO 
(ID, CAPACIDAD, DESCRIPCION, DIRECCION, ESTADO, LATITUD, LONGITUD, NOMBRE, PROPIETARIO) 
VALUES ('bc2c5644-1dc8-412a-97bc-dd359106ed02', 72, 'Equipado con tecnología de punta para eventos masivos.', 'Camino Real 859, Ciudad Sol', 'CERRADO_TEMPORALMENTE', -34.69811, -58.56822, 'Espacio Startup', 'gestor');

INSERT INTO ESPACIOFISICO 
(ID, CAPACIDAD, DESCRIPCION, DIRECCION, ESTADO, LATITUD, LONGITUD, NOMBRE, PROPIETARIO) 
VALUES ('521444f1-c1fa-4a24-8735-34694bdf1c23', 77, 'Con mobiliario adaptable a diferentes configuraciones.', 'Paseo Verde 697, Ciudad Luz', 'CERRADO_TEMPORALMENTE', -34.505699, -58.43951, 'Sala de Networking', 'gestor');

INSERT INTO ESPACIOFISICO 
(ID, CAPACIDAD, DESCRIPCION, DIRECCION, ESTADO, LATITUD, LONGITUD, NOMBRE, PROPIETARIO) 
VALUES ('10f3eb1b-cdd7-4c38-8d76-91ed6934acde', 56, 'Ambiente profesional para encuentros de negocios.', 'Calle Aurora 638, Bahía Azul', 'CERRADO_TEMPORALMENTE', -34.620729, -58.5695, 'Centro de Ideas', 'gestor');

INSERT INTO ESPACIOFISICO 
(ID, CAPACIDAD, DESCRIPCION, DIRECCION, ESTADO, LATITUD, LONGITUD, NOMBRE, PROPIETARIO) 
VALUES ('0aebb32e-9804-4374-b8e0-c32b216c1a28', 107, 'Equipado con tecnología de punta para eventos masivos.', 'Camino del Norte 589, Monte Claro', 'ACTIVO', -34.602925, -58.422145, 'Punto de Encuentro', 'gestor');

INSERT INTO ESPACIOFISICO 
(ID, CAPACIDAD, DESCRIPCION, DIRECCION, ESTADO, LATITUD, LONGITUD, NOMBRE, PROPIETARIO) 
VALUES ('cd128ed8-9bb1-453a-845b-ed8f06b9308d', 93, 'Diseño elegante para eventos corporativos de alto nivel.', 'Boulevard Central 344, Villa del Mar', 'CERRADO_TEMPORALMENTE', -34.64078, -58.597651, 'Espacio Maker', 'gestor');

INSERT INTO ESPACIOFISICO 
(ID, CAPACIDAD, DESCRIPCION, DIRECCION, ESTADO, LATITUD, LONGITUD, NOMBRE, PROPIETARIO) 
VALUES ('b1cbf50c-aedf-4d15-9615-969ec43b9e59', 131, 'Ubicado en el corazón de la ciudad, con fácil acceso.', 'Avenida Siempre Viva 833, Villa del Mar', 'ACTIVO', -34.528107, -58.326355, 'Laboratorio de Creatividad', 'gestor');

INSERT INTO ESPACIOFISICO 
(ID, CAPACIDAD, DESCRIPCION, DIRECCION, ESTADO, LATITUD, LONGITUD, NOMBRE, PROPIETARIO) 
VALUES ('b0809326-f93a-4b23-a17e-10cd92581e47', 86, 'Sala equipada para videoconferencias internacionales.', 'Avenida Siempre Viva 547, Campo Norte', 'ACTIVO', -34.693702, -58.558758, 'Zona Coworking', 'gestor');

INSERT INTO ESPACIOFISICO 
(ID, CAPACIDAD, DESCRIPCION, DIRECCION, ESTADO, LATITUD, LONGITUD, NOMBRE, PROPIETARIO) 
VALUES ('911c5bcf-ddb4-43d8-b387-eab181e91821', 118, 'Rodeado de naturaleza, ideal para sesiones de brainstorming.', 'Vía Láctea 329, Nueva Esperanza', 'ACTIVO', -34.580668, -58.58876, 'Estudio Multimedia', 'gestor');

INSERT INTO ESPACIOFISICO 
(ID, CAPACIDAD, DESCRIPCION, DIRECCION, ESTADO, LATITUD, LONGITUD, NOMBRE, PROPIETARIO) 
VALUES ('b35afac6-b0f4-4b4d-8345-e53b3834ffd3', 93, 'Sala equipada para videoconferencias internacionales.', 'Ruta 66 641, Villa Ilustrada', 'CERRADO_TEMPORALMENTE', -34.643818, -58.381243, 'Sala de Estrategia', 'gestor');

INSERT INTO ESPACIOFISICO 
(ID, CAPACIDAD, DESCRIPCION, DIRECCION, ESTADO, LATITUD, LONGITUD, NOMBRE, PROPIETARIO) 
VALUES ('dafddbf2-1d4e-4bdc-9432-cd5b220314c3', 55, 'Sala equipada para videoconferencias internacionales.', 'Calle del Río 121, Monte Claro', 'ACTIVO', -34.666851, -58.547243, 'Espacio Emprendedor', 'gestor');

INSERT INTO ESPACIOFISICO 
(ID, CAPACIDAD, DESCRIPCION, DIRECCION, ESTADO, LATITUD, LONGITUD, NOMBRE, PROPIETARIO) 
VALUES ('ffc665a3-02ff-48a2-a459-bcf2f125a2ab', 128, 'Sala equipada para videoconferencias internacionales.', 'Calle del Arte 645, Campo Norte', 'ACTIVO', -34.570871, -58.430144, 'Campus Virtual', 'gestor');









// AHORA ESTO EN eventos
INSERT INTO espacio_fisico (id, capacidad, direccion, estado, nombre)
VALUES ('74800b33-c205-4c4b-b67c-4ad02febdfa7', 102, 'Calle del Bosque 441, Campo Norte', 'ACTIVO', 'Auditorio San Martín');

INSERT INTO espacio_fisico (id, capacidad, direccion, estado, nombre)
VALUES ('c3127765-0306-40a6-888a-3ffb8126be0c', 104, 'Avenida de la Paz 574, Bahía Azul', 'ACTIVO', 'Sala de Innovación');

INSERT INTO espacio_fisico (id, capacidad, direccion, estado, nombre)
VALUES ('890679de-6040-4254-a3d0-552066183d0d', 109, 'Avenida Siempre Viva 131, Ciudad Central', 'CERRADO_TEMPORALMENTE', 'Centro de Convenciones Norte');

INSERT INTO espacio_fisico (id, capacidad, direccion, estado, nombre)
VALUES ('45487047-f7dc-455a-8402-82142c7229a9', 142, 'Ruta 66 589, Ciudad Jardín', 'CERRADO_TEMPORALMENTE', 'Sala Creativa Alfa');

INSERT INTO espacio_fisico (id, capacidad, direccion, estado, nombre)
VALUES ('0f4d73d4-008f-4818-afe9-2861f39559f5', 26, 'Calle del Bosque 831, Puerto Claro', 'CERRADO_TEMPORALMENTE', 'Aula Magna Sur');

INSERT INTO espacio_fisico (id, capacidad, direccion, estado, nombre)
VALUES ('8cc13d7b-947e-4123-9d0d-e7b83cf73cd6', 33, 'Calle Aurora 934, Villa Ilustrada', 'ACTIVO', 'Espacio Colaborativo Delta');

INSERT INTO espacio_fisico (id, capacidad, direccion, estado, nombre)
VALUES ('047eadbf-2952-4959-bec0-0ccbd021e03b', 86, 'Vía Láctea 385, Ciudad Jardín', 'ACTIVO', 'Sala Ejecutiva 101');

INSERT INTO espacio_fisico (id, capacidad, direccion, estado, nombre)
VALUES ('ce58498f-3382-423f-96be-442cf6fa6960', 97, 'Paseo Verde 800, Campo Norte', 'ACTIVO', 'Auditorio Tecnológico');

INSERT INTO espacio_fisico (id, capacidad, direccion, estado, nombre)
VALUES ('7a28f17b-a89a-4e03-b93f-5d77a55db8b4', 69, 'Calle Luna 338, Vista Alegre', 'CERRADO_TEMPORALMENTE', 'Centro Cultural Este');

INSERT INTO espacio_fisico (id, capacidad, direccion, estado, nombre)
VALUES ('89bfd733-7634-4a75-8cfb-2179037d2fb1', 56, 'Calle del Río 947, Campo Norte', 'CERRADO_TEMPORALMENTE', 'Foro Empresarial');

INSERT INTO espacio_fisico (id, capacidad, direccion, estado, nombre)
VALUES ('d2bc1142-a2d9-409a-b52f-2418bd9ef517', 30, 'Calle Aurora 246, Monte Claro', 'CERRADO_TEMPORALMENTE', 'Sala de Proyectos');

INSERT INTO espacio_fisico (id, capacidad, direccion, estado, nombre)
VALUES ('99a08973-66a2-412d-beb9-37b588814bb4', 24, 'Calle Falsa 675, Río Grande', 'ACTIVO', 'Terraza Corporativa');

INSERT INTO espacio_fisico (id, capacidad, direccion, estado, nombre)
VALUES ('cb84da07-2c36-431d-b514-b4d08440906e', 45, 'Calle del Río 702, Ciudad Central', 'CERRADO_TEMPORALMENTE', 'Pabellón Universitario');

INSERT INTO espacio_fisico (id, capacidad, direccion, estado, nombre)
VALUES ('71a272aa-f535-42af-8ee4-636b89571c76', 90, 'Camino del Norte 613, Campo Norte', 'CERRADO_TEMPORALMENTE', 'Espacio Natural');

INSERT INTO espacio_fisico (id, capacidad, direccion, estado, nombre)
VALUES ('aed13836-32ed-4624-b148-fe03cfb6a4d1', 52, 'Calle del Río 345, Villa Ilustrada', 'ACTIVO', 'Centro de Formación Continua');

INSERT INTO espacio_fisico (id, capacidad, direccion, estado, nombre)
VALUES ('cb56596a-32bc-4498-b760-a09479c831c2', 21, 'Boulevard Central 594, Pueblo Nuevo', 'CERRADO_TEMPORALMENTE', 'Auditorio Central');

INSERT INTO espacio_fisico (id, capacidad, direccion, estado, nombre)
VALUES ('afa4d1cb-c934-42ba-a974-e608ebd1d4d8', 44, 'Calle Aurora 709, Pueblo Nuevo', 'CERRADO_TEMPORALMENTE', 'Sala de Conferencias Global');

INSERT INTO espacio_fisico (id, capacidad, direccion, estado, nombre)
VALUES ('dd854268-a0b2-48dd-bcc0-797eb5892f6c', 51, 'Calle Aurora 972, Pueblo Nuevo', 'ACTIVO', 'Aula Taller Norte');

INSERT INTO espacio_fisico (id, capacidad, direccion, estado, nombre)
VALUES ('6fe1a042-37f6-4eee-a6af-476ce285e4a5', 72, 'Calle del Río 678, Villa Ilustrada', 'ACTIVO', 'Foro Abierto Digital');

INSERT INTO espacio_fisico (id, capacidad, direccion, estado, nombre)
VALUES ('bc2c5644-1dc8-412a-97bc-dd359106ed02', 72, 'Camino Real 859, Ciudad Sol', 'CERRADO_TEMPORALMENTE', 'Espacio Startup');

INSERT INTO espacio_fisico (id, capacidad, direccion, estado, nombre)
VALUES ('521444f1-c1fa-4a24-8735-34694bdf1c23', 77, 'Paseo Verde 697, Ciudad Luz', 'CERRADO_TEMPORALMENTE', 'Sala de Networking');

INSERT INTO espacio_fisico (id, capacidad, direccion, estado, nombre)
VALUES ('10f3eb1b-cdd7-4c38-8d76-91ed6934acde', 56, 'Calle Aurora 638, Bahía Azul', 'CERRADO_TEMPORALMENTE', 'Centro de Ideas');

INSERT INTO espacio_fisico (id, capacidad, direccion, estado, nombre)
VALUES ('0aebb32e-9804-4374-b8e0-c32b216c1a28', 107, 'Camino del Norte 589, Monte Claro', 'ACTIVO', 'Punto de Encuentro');

INSERT INTO espacio_fisico (id, capacidad, direccion, estado, nombre)
VALUES ('cd128ed8-9bb1-453a-845b-ed8f06b9308d', 93, 'Boulevard Central 344, Villa del Mar', 'CERRADO_TEMPORALMENTE', 'Espacio Maker');

INSERT INTO espacio_fisico (id, capacidad, direccion, estado, nombre)
VALUES ('b1cbf50c-aedf-4d15-9615-969ec43b9e59', 131, 'Avenida Siempre Viva 833, Villa del Mar', 'ACTIVO', 'Laboratorio de Creatividad');

INSERT INTO espacio_fisico (id, capacidad, direccion, estado, nombre)
VALUES ('b0809326-f93a-4b23-a17e-10cd92581e47', 86, 'Avenida Siempre Viva 547, Campo Norte', 'ACTIVO', 'Zona Coworking');

INSERT INTO espacio_fisico (id, capacidad, direccion, estado, nombre)
VALUES ('911c5bcf-ddb4-43d8-b387-eab181e91821', 118, 'Vía Láctea 329, Nueva Esperanza', 'ACTIVO', 'Estudio Multimedia');

INSERT INTO espacio_fisico (id, capacidad, direccion, estado, nombre)
VALUES ('b35afac6-b0f4-4b4d-8345-e53b3834ffd3', 93, 'Ruta 66 641, Villa Ilustrada', 'CERRADO_TEMPORALMENTE', 'Sala de Estrategia');

INSERT INTO espacio_fisico (id, capacidad, direccion, estado, nombre)
VALUES ('dafddbf2-1d4e-4bdc-9432-cd5b220314c3', 55, 'Calle del Río 121, Monte Claro', 'ACTIVO', 'Espacio Emprendedor');

INSERT INTO espacio_fisico (id, capacidad, direccion, estado, nombre)
VALUES ('ffc665a3-02ff-48a2-a459-bcf2f125a2ab', 128, 'Calle del Arte 645, Campo Norte', 'ACTIVO', 'Campus Virtual');





-- EVENTOS

INSERT INTO evento (id, cancelado, categoria, descripcion, nombre, fecha_inicio, fecha_fin, organizador, plazas, espacio_fisico_id) VALUES
('cf26d66e-6bce-4d11-8aa0-7f2cf35e73e7', 0, 'ACADEMICO', 'Charla sobre tendencias en Inteligencia Artificial.', 'Seminario de IA Aplicada', '2025-05-06 09:00:00', '2025-05-06 13:00:00', 'gestor', 95, '74800b33-c205-4c4b-b67c-4ad02febdfa7'),

('44245df3-1e2d-4931-bb3b-d62a112dd771', 1, 'CULTURAL', 'Evento musical con artistas locales.', 'Festival de Música Urbana', '2025-05-08 18:00:00', '2025-05-08 22:00:00', 'juan.perez', 102, 'c3127765-0306-40a6-888a-3ffb8126be0c'),

('f356db3b-11ef-44bb-a408-5d59404b69a7', 0, 'ENTRETENIMIENTO', 'Torneo de videojuegos interuniversitario.', 'Copa Gamer Universitaria', '2025-05-10 14:00:00', '2025-05-10 20:00:00', 'gestor', 80, '047eadbf-2952-4959-bec0-0ccbd021e03b'),

('b8b2c158-2329-49c1-b872-8e7e64b2db47', 0, 'DEPORTES', 'Competencia de ajedrez por equipos.', 'Torneo Nacional de Ajedrez', '2025-05-11 09:00:00', '2025-05-11 16:00:00', 'camila.rios', 50, 'ce58498f-3382-423f-96be-442cf6fa6960'),

('228bcf1d-2147-4429-9c95-76a78f42107f', 0, 'OTROS', 'Sesión práctica sobre liderazgo en entornos digitales.', 'Workshop de Liderazgo 4.0', '2025-05-07 10:00:00', '2025-05-07 12:30:00', 'gestor', 30, '8cc13d7b-947e-4123-9d0d-e7b83cf73cd6'),

('d7b2e1b9-bb4a-4ff0-8fa2-ff0d3b73124c', 0, 'ENTRETENIMIENTO', 'Proyección de cortos de cine independiente.', 'Noche de Cortometrajes', '2025-05-09 19:00:00', '2025-05-09 22:30:00', 'lucia.santos', 50, '047eadbf-2952-4959-bec0-0ccbd021e03b'),

('f7e429e9-51a7-4814-b92b-29b154dc35d1', 1, 'CULTURAL', 'Exposición itinerante de arte contemporáneo.', 'Galería Abierta: Arte y Ciudad', '2025-05-06 17:00:00', '2025-05-06 21:00:00', 'maria.nieto', 90, 'ce58498f-3382-423f-96be-442cf6fa6960'),

('36f82c4d-8911-4f9e-bb9f-e22830a4e610', 0, 'ACADEMICO', 'Jornada de actualización pedagógica para docentes.', 'Encuentro de Educadores Digitales', '2025-05-12 10:00:00', '2025-05-12 13:00:00', 'gestor', 25, '99a08973-66a2-412d-beb9-37b588814bb4'),

('6126bfe7-cf64-4a3f-b3ec-302a7887d787', 0, 'OTROS', 'Reunión de planificación institucional.', 'Mesa de Estrategia 2025', '2025-05-13 09:00:00', '2025-05-13 11:30:00', 'admin', 20, '99a08973-66a2-412d-beb9-37b588814bb4'),

('e9179d9a-790c-4e71-bb50-32c9280d50ec', 1, 'DEPORTES', 'Clase especial de yoga al aire libre.', 'Yoga al Amanecer', '2025-05-07 07:00:00', '2025-05-07 08:00:00', 'laura.rojas', 50, '6fe1a042-37f6-4eee-a6af-476ce285e4a5'),

('a2aa233e-23d5-4642-aef5-730e53925eb5', 0, 'CULTURAL', 'Presentación de libro y firma de ejemplares.', 'Letras en Vivo: Clara Montes', '2025-05-08 17:30:00', '2025-05-08 19:00:00', 'gestor', 70, '6fe1a042-37f6-4eee-a6af-476ce285e4a5'),

('682d2084-e17b-4f86-936f-c2b56b3928c7', 0, 'ENTRETENIMIENTO', 'Stand-up comedy con comediantes emergentes.', 'Noche de Humor Independiente', '2025-05-09 20:00:00', '2025-05-09 22:00:00', 'santiago.morales', 86, 'b0809326-f93a-4b23-a17e-10cd92581e47'),

('23fa362b-d246-46b4-98c7-f77705c7c3b9', 1, 'OTROS', 'Actividad solidaria organizada por ONG locales.', 'Feria de Voluntariado', '2025-05-11 10:00:00', '2025-05-11 14:00:00', 'fundacion.luz', 60, 'dd854268-a0b2-48dd-bcc0-797eb5892f6c'),

('4dfc5d09-3e1d-4c7b-b009-53730218e2e3', 0, 'ACADEMICO', 'Taller intensivo sobre seguridad informática.', 'Ciberseguridad desde Cero', '2025-05-14 09:00:00', '2025-05-14 13:00:00', 'gestor', 45, 'dd854268-a0b2-48dd-bcc0-797eb5892f6c'),

('96546ff3-2141-43ed-a00f-0a74846970de', 0, 'ENTRETENIMIENTO', 'Proyección y análisis de clásicos del cine.', 'CineClub Universitario', '2025-05-10 18:00:00', '2025-05-10 21:00:00', 'franco.alonso', 100, '74800b33-c205-4c4b-b67c-4ad02febdfa7');
